n_matched,n_filter_active,mean_dR_all,ci_lo,ci_hi,p_all,mean_dR_active,sign_pos,sign_neg,p_sign
1523,669,0.034754591178475146,-0.004872626630472766,0.07479947757137355,0.0898,0.07911994374412204,353,316,0.16392156164784458
