gap_mode1,gap_mode2,DiD,ci_lo,ci_hi,p_two,p_one,n_days
-0.08714734448148853,0.18460852393656602,0.27175586841805455,-0.012297652880811472,0.619727269706915,0.1252,0.0626,378
